关键词,标题链接,图片,编号,text_1luwz,描述
  共产党人的初心 ,https://www.baidu.com/s?wd=%E5%85%B1%E4%BA%A7%E5%85%9A%E4%BA%BA%E7%9A%84%E5%88%9D%E5%BF%83&sa=fyb_news&rsv_dl=fyb_news,"https://fyb-2.cdn.bcebos.com/hotboard_image/98940a5c77eb76d8351f7fc6b27c6779?x-bce-process=image/resize,m_fill,w_256,h_170", 4999707 , 热搜指数 , 在习近平总书记心中，“为中国人民谋幸福、为中华民族谋复兴”——共产党人这一初心使命，永远不能改变！ 查看更多>
  上海暴雨陈赫家里漏成水帘洞  热 ,https://www.baidu.com/s?wd=%E4%B8%8A%E6%B5%B7%E6%9A%B4%E9%9B%A8%E9%99%88%E8%B5%AB%E5%AE%B6%E9%87%8C%E6%BC%8F%E6%88%90%E6%B0%B4%E5%B8%98%E6%B4%9E&sa=fyb_news&rsv_dl=fyb_news,"https://fyb-2.cdn.bcebos.com/hotboard_image/3e7c255b18cb5d61d448f2ccdef411e3?x-bce-process=image/resize,m_fill,w_256,h_170", 4961799 , 热搜指数 , 近日，上海持续暴雨，演员陈赫和陈龙发视频吐槽家中漏雨现象。陈赫称家里漏成水帘洞，室内摆塑料盆接雨，陈龙在家撑伞。 查看更多>
  中国地铁站有厕所让老外破防  热 ,https://www.baidu.com/s?wd=%E4%B8%AD%E5%9B%BD%E5%9C%B0%E9%93%81%E7%AB%99%E6%9C%89%E5%8E%95%E6%89%80%E8%AE%A9%E8%80%81%E5%A4%96%E7%A0%B4%E9%98%B2&sa=fyb_news&rsv_dl=fyb_news,"https://fyb-1.cdn.bcebos.com/fyb/de6163834f53ca92c1273fff98ac9078.jpeg?x-bce-process=image/resize,m_fill,w_256,h_170", 4811039 , 热搜指数 ,查看更多>
  庆祝建党103周年 ,https://www.baidu.com/s?wd=%E5%BA%86%E7%A5%9D%E5%BB%BA%E5%85%9A103%E5%91%A8%E5%B9%B4&sa=fyb_news&rsv_dl=fyb_news,"https://fyb-2.cdn.bcebos.com/hotboard_image/70e8da5e492441ab19ddb75d2aa2f21a?x-bce-process=image/resize,m_fill,w_256,h_170", 4705315 , 热搜指数 , 2024年7月1日是中国共产党103周年华诞。坚守信仰、不忘初心，各地举行形式多样的活动，庆祝党的生日。 查看更多>
  周昆训烈士儿子高考出分  热 ,https://www.baidu.com/s?wd=%E5%91%A8%E6%98%86%E8%AE%AD%E7%83%88%E5%A3%AB%E5%84%BF%E5%AD%90%E9%AB%98%E8%80%83%E5%87%BA%E5%88%86&sa=fyb_news&rsv_dl=fyb_news,"https://fyb-2.cdn.bcebos.com/hotboard_image/c280a23e62a1c995d20ad0ee0b9d73b3?x-bce-process=image/resize,m_fill,w_256,h_170", 4657379 , 热搜指数 , 近日，抗洪烈士周昆训的儿子周义航高考出分。27日，周义航被国防科技大学预录取，完成了父亲生前的遗愿。 查看更多>
  天津武清一楼盘从160万降到39万 ,https://www.baidu.com/s?wd=%E5%A4%A9%E6%B4%A5%E6%AD%A6%E6%B8%85%E4%B8%80%E6%A5%BC%E7%9B%98%E4%BB%8E160%E4%B8%87%E9%99%8D%E5%88%B039%E4%B8%87&sa=fyb_news&rsv_dl=fyb_news,"https://fyb-1.cdn.bcebos.com/fyb/de6163834f53ca92c1273fff98ac9078.jpeg?x-bce-process=image/resize,m_fill,w_256,h_170", 4526468 , 热搜指数 ,查看更多>
  17岁羽毛球小将张志杰比赛中晕倒去世  热 ,https://www.baidu.com/s?wd=17%E5%B2%81%E7%BE%BD%E6%AF%9B%E7%90%83%E5%B0%8F%E5%B0%86%E5%BC%A0%E5%BF%97%E6%9D%B0%E6%AF%94%E8%B5%9B%E4%B8%AD%E6%99%95%E5%80%92%E5%8E%BB%E4%B8%96&sa=fyb_news&rsv_dl=fyb_news,"https://fyb-2.cdn.bcebos.com/hotboard_image/9b8d78aecb1472f74c262f1bebb41a4d?x-bce-process=image/resize,m_fill,w_256,h_170", 4450140 , 热搜指数 , 7月1日，据亚洲羽毛球联合会及印尼羽协发布公告称，中国羽毛球单打运动员张志杰在比赛中晕倒后不治离世。 查看更多>
  硅胶人脸面具制售乱象调查 ,https://www.baidu.com/s?wd=%E7%A1%85%E8%83%B6%E4%BA%BA%E8%84%B8%E9%9D%A2%E5%85%B7%E5%88%B6%E5%94%AE%E4%B9%B1%E8%B1%A1%E8%B0%83%E6%9F%A5&sa=fyb_news&rsv_dl=fyb_news,"https://fyb-1.cdn.bcebos.com/fyb/de6163834f53ca92c1273fff98ac9078.jpeg?x-bce-process=image/resize,m_fill,w_256,h_170", 4315507 , 热搜指数 ,查看更多>
  娄底某校园为明代监狱？造谣 ,https://www.baidu.com/s?wd=%E5%A8%84%E5%BA%95%E6%9F%90%E6%A0%A1%E5%9B%AD%E4%B8%BA%E6%98%8E%E4%BB%A3%E7%9B%91%E7%8B%B1%EF%BC%9F%E9%80%A0%E8%B0%A3&sa=fyb_news&rsv_dl=fyb_news,"https://fyb-2.cdn.bcebos.com/hotboard_image/699b954e302436b6ba03907556fda3a2?x-bce-process=image/resize,m_fill,w_256,h_170", 4266238 , 热搜指数 , 近日，一网民发布视频称某校园为明代关押苏三的监狱，引发关注，经公安机关核查为谣言，民警已依法对视频发布者进行行政处罚。 查看更多>
  薛之谦演唱会与女粉丝对话内容引争议 ,https://www.baidu.com/s?wd=%E8%96%9B%E4%B9%8B%E8%B0%A6%E6%BC%94%E5%94%B1%E4%BC%9A%E4%B8%8E%E5%A5%B3%E7%B2%89%E4%B8%9D%E5%AF%B9%E8%AF%9D%E5%86%85%E5%AE%B9%E5%BC%95%E4%BA%89%E8%AE%AE&sa=fyb_news&rsv_dl=fyb_news,"https://fyb-2.cdn.bcebos.com/hotboard_image/5578e4158567b87f1be9b2a2a3249939?x-bce-process=image/resize,m_fill,w_256,h_170", 4191117 , 热搜指数 , 6月30日，薛之谦在演唱会互动环节中，与女粉丝的对话内容引发网友争议。 查看更多>
  张志杰晕倒教练上前查看疑被阻止 ,https://www.baidu.com/s?wd=%E5%BC%A0%E5%BF%97%E6%9D%B0%E6%99%95%E5%80%92%E6%95%99%E7%BB%83%E4%B8%8A%E5%89%8D%E6%9F%A5%E7%9C%8B%E7%96%91%E8%A2%AB%E9%98%BB%E6%AD%A2&sa=fyb_news&rsv_dl=fyb_news,"https://fyb-1.cdn.bcebos.com/fyb/de6163834f53ca92c1273fff98ac9078.jpeg?x-bce-process=image/resize,m_fill,w_256,h_170", 4077350 , 热搜指数 ,查看更多>
  网友济南街头偶遇韦神 ,https://www.baidu.com/s?wd=%E7%BD%91%E5%8F%8B%E6%B5%8E%E5%8D%97%E8%A1%97%E5%A4%B4%E5%81%B6%E9%81%87%E9%9F%A6%E7%A5%9E&sa=fyb_news&rsv_dl=fyb_news,"https://fyb-1.cdn.bcebos.com/fyb/de6163834f53ca92c1273fff98ac9078.jpeg?x-bce-process=image/resize,m_fill,w_256,h_170", 3952643 , 热搜指数 ,查看更多>
  吴艳妮采访时假睫毛掉了 ,https://www.baidu.com/s?wd=%E5%90%B4%E8%89%B3%E5%A6%AE%E9%87%87%E8%AE%BF%E6%97%B6%E5%81%87%E7%9D%AB%E6%AF%9B%E6%8E%89%E4%BA%86&sa=fyb_news&rsv_dl=fyb_news,"https://fyb-2.cdn.bcebos.com/hotboard_image/b3edd8547ea1491168f10eb1f120272e?x-bce-process=image/resize,m_fill,w_256,h_170", 3883285 , 热搜指数 , 6月30日，全国田径冠军赛女子100米栏吴艳妮夺冠，赛后采访时假睫毛突然掉了，她赶紧捂住自己的眼睛。 查看更多>
  妈妈是清华的儿子也是清华的 ,https://www.baidu.com/s?wd=%E5%A6%88%E5%A6%88%E6%98%AF%E6%B8%85%E5%8D%8E%E7%9A%84%E5%84%BF%E5%AD%90%E4%B9%9F%E6%98%AF%E6%B8%85%E5%8D%8E%E7%9A%84&sa=fyb_news&rsv_dl=fyb_news,"https://fyb-2.cdn.bcebos.com/hotboard_image/101cdff99bf4d9a40982952c8f5f9b7c?x-bce-process=image/resize,m_fill,w_256,h_170", 3746450 , 热搜指数 , 近日，清华大学毕业典礼现场，毕业24年的清华大学环境学院94级校友代表张凡返校发言，今年毕业的儿子坐在台下聆听，引发热议。 查看更多>
  西安在建地铁突发事故致路面塌陷 ,https://www.baidu.com/s?wd=%E8%A5%BF%E5%AE%89%E5%9C%A8%E5%BB%BA%E5%9C%B0%E9%93%81%E7%AA%81%E5%8F%91%E4%BA%8B%E6%95%85%E8%87%B4%E8%B7%AF%E9%9D%A2%E5%A1%8C%E9%99%B7&sa=fyb_news&rsv_dl=fyb_news,"https://fyb-2.cdn.bcebos.com/hotboard_image/d870b4bfd83be5995f388b1bbcdc6dec?x-bce-process=image/resize,m_fill,w_256,h_170", 3608641 , 热搜指数 , 6月30日，西安在建地铁8号线区间联络通道施工过程中突发涌水涌砂。7月1日，该区域部分路面出现塌陷。目前，路段已交通管控。 查看更多>
  中国羽协：张志杰离世病因尚未明确 ,https://www.baidu.com/s?wd=%E4%B8%AD%E5%9B%BD%E7%BE%BD%E5%8D%8F%EF%BC%9A%E5%BC%A0%E5%BF%97%E6%9D%B0%E7%A6%BB%E4%B8%96%E7%97%85%E5%9B%A0%E5%B0%9A%E6%9C%AA%E6%98%8E%E7%A1%AE&sa=fyb_news&rsv_dl=fyb_news,"https://fyb-2.cdn.bcebos.com/hotboard_image/4bba5faba06e9e0f2f52e952314f43c8?x-bce-process=image/resize,m_fill,w_256,h_170", 3519634 , 热搜指数 , 据媒体7月1日报道，中国羽毛球单打运动员张志杰在比赛中晕倒后不治离世。中国羽协回应：深表哀悼，目前尚未明确病因。 查看更多>
  山东舰现身菲附近海域  热 ,https://www.baidu.com/s?wd=%E5%B1%B1%E4%B8%9C%E8%88%B0%E7%8E%B0%E8%BA%AB%E8%8F%B2%E9%99%84%E8%BF%91%E6%B5%B7%E5%9F%9F&sa=fyb_news&rsv_dl=fyb_news,"https://fyb-2.cdn.bcebos.com/hotboard_image/14ef1fe7f3e6ebe94776a66728ac16fd?x-bce-process=image/resize,m_fill,w_256,h_170", 3495997 , 热搜指数 , 日前，据外媒消息称，卫星影像显示山东舰抵菲附近海域，并称有“威慑”之意。军事专家：此次山东舰现身南海是正常的训练。 查看更多>
  女生花470元带1条鱼去医院看病 ,https://www.baidu.com/s?wd=%E5%A5%B3%E7%94%9F%E8%8A%B1470%E5%85%83%E5%B8%A61%E6%9D%A1%E9%B1%BC%E5%8E%BB%E5%8C%BB%E9%99%A2%E7%9C%8B%E7%97%85&sa=fyb_news&rsv_dl=fyb_news,"https://fyb-1.cdn.bcebos.com/fyb/de6163834f53ca92c1273fff98ac9078.jpeg?x-bce-process=image/resize,m_fill,w_256,h_170", 3347761 , 热搜指数 ,查看更多>
  小区业主砍断高空作业工人绳索 ,https://www.baidu.com/s?wd=%E5%B0%8F%E5%8C%BA%E4%B8%9A%E4%B8%BB%E7%A0%8D%E6%96%AD%E9%AB%98%E7%A9%BA%E4%BD%9C%E4%B8%9A%E5%B7%A5%E4%BA%BA%E7%BB%B3%E7%B4%A2&sa=fyb_news&rsv_dl=fyb_news,"https://fyb-2.cdn.bcebos.com/hotboard_image/2b3b45d9e167ed182d7d3b102798084f?x-bce-process=image/resize,m_fill,w_256,h_170", 3288826 , 热搜指数 , 6月30日，重庆一小区工人在高空作业时安全绳被业主砍断。高空作业工人称一业主占用楼顶建了个花园，施工时可能损坏了一些花草。 查看更多>
  车主回应法拉利起火:代驾还车时出事 ,https://www.baidu.com/s?wd=%E8%BD%A6%E4%B8%BB%E5%9B%9E%E5%BA%94%E6%B3%95%E6%8B%89%E5%88%A9%E8%B5%B7%E7%81%AB%3A%E4%BB%A3%E9%A9%BE%E8%BF%98%E8%BD%A6%E6%97%B6%E5%87%BA%E4%BA%8B&sa=fyb_news&rsv_dl=fyb_news,"https://fyb-2.cdn.bcebos.com/hotboard_image/a1e6949f6424ad0d718bb5a2187c697e?x-bce-process=image/resize,m_fill,w_256,h_170", 3107182 , 热搜指数 , 近日，上海北横通道一法拉利自燃，引发关注。6月30日，法拉利车主回应自燃：车借给朋友，朋友找代驾还车时出事。 查看更多>
  97岁老党员缴纳100万特殊党费 ,https://www.baidu.com/s?wd=97%E5%B2%81%E8%80%81%E5%85%9A%E5%91%98%E7%BC%B4%E7%BA%B3100%E4%B8%87%E7%89%B9%E6%AE%8A%E5%85%9A%E8%B4%B9&sa=fyb_news&rsv_dl=fyb_news,"https://fyb-2.cdn.bcebos.com/hotboard_image/07c309a382d81fb8d772b97c4e7aa228?x-bce-process=image/resize,m_fill,w_256,h_170", 3059132 , 热搜指数 , 七一前夕，上海97岁老党员郝家润缴纳100万特殊党费。对此，他表示：只是做了一名共产党员应该做的。 查看更多>
  广州市不鼓励发展共享电单车 ,https://www.baidu.com/s?wd=%E5%B9%BF%E5%B7%9E%E5%B8%82%E4%B8%8D%E9%BC%93%E5%8A%B1%E5%8F%91%E5%B1%95%E5%85%B1%E4%BA%AB%E7%94%B5%E5%8D%95%E8%BD%A6&sa=fyb_news&rsv_dl=fyb_news,"https://fyb-1.cdn.bcebos.com/fyb/de6163834f53ca92c1273fff98ac9078.jpeg?x-bce-process=image/resize,m_fill,w_256,h_170", 2933245 , 热搜指数 ,查看更多>
  救护车司机直播飙车被行拘 ,https://www.baidu.com/s?wd=%E6%95%91%E6%8A%A4%E8%BD%A6%E5%8F%B8%E6%9C%BA%E7%9B%B4%E6%92%AD%E9%A3%99%E8%BD%A6%E8%A2%AB%E8%A1%8C%E6%8B%98&sa=fyb_news&rsv_dl=fyb_news,"https://fyb-2.cdn.bcebos.com/hotboard_image/ca0022e12c5769dfab5373e62a605471?x-bce-process=image/resize,m_fill,w_256,h_170", 2877887 , 热搜指数 , 日前，网传深圳一救护车司机一边直播一边飙车，司机称车上没有病人，玩一下，引发关注。警方回应：车内确无病人，司机已被行拘。 查看更多>
  这是今早的香港金紫荆广场 ,https://www.baidu.com/s?wd=%E8%BF%99%E6%98%AF%E4%BB%8A%E6%97%A9%E7%9A%84%E9%A6%99%E6%B8%AF%E9%87%91%E7%B4%AB%E8%8D%86%E5%B9%BF%E5%9C%BA&sa=fyb_news&rsv_dl=fyb_news,"https://fyb-1.cdn.bcebos.com/fyb/de6163834f53ca92c1273fff98ac9078.jpeg?x-bce-process=image/resize,m_fill,w_256,h_170", 2721224 , 热搜指数 ,查看更多>
  张志杰生前采访视频 ,https://www.baidu.com/s?wd=%E5%BC%A0%E5%BF%97%E6%9D%B0%E7%94%9F%E5%89%8D%E9%87%87%E8%AE%BF%E8%A7%86%E9%A2%91&sa=fyb_news&rsv_dl=fyb_news,"https://fyb-2.cdn.bcebos.com/hotboard_image/a777fd47a107e6ee2171a54edfc40f1b?x-bce-process=image/resize,m_fill,w_256,h_170", 2666577 , 热搜指数 , 近日，中国羽毛球单打运动员张志杰在比赛中晕倒后不治离世，生前采访时他表达了自己不服输的精神，表示亚青赛男单想要冲金。 查看更多>
  大选辩论后 拜登陷入劝退漩涡 ,https://www.baidu.com/s?wd=%E5%A4%A7%E9%80%89%E8%BE%A9%E8%AE%BA%E5%90%8E+%E6%8B%9C%E7%99%BB%E9%99%B7%E5%85%A5%E5%8A%9D%E9%80%80%E6%BC%A9%E6%B6%A1&sa=fyb_news&rsv_dl=fyb_news,"https://fyb-1.cdn.bcebos.com/fyb/de6163834f53ca92c1273fff98ac9078.jpeg?x-bce-process=image/resize,m_fill,w_256,h_170", 2571416 , 热搜指数 ,查看更多>
  徐朵首度回应随徐帆姓 ,https://www.baidu.com/s?wd=%E5%BE%90%E6%9C%B5%E9%A6%96%E5%BA%A6%E5%9B%9E%E5%BA%94%E9%9A%8F%E5%BE%90%E5%B8%86%E5%A7%93&sa=fyb_news&rsv_dl=fyb_news,"https://fyb-2.cdn.bcebos.com/hotboard_image/8c990382a7ee06cdecd9f9bc58ca8ecb?x-bce-process=image/resize,m_fill,w_256,h_170", 2487408 , 热搜指数 , 近日，徐帆女儿徐朵晒母女合照，首度回应随妈妈姓：“因为姐姐跟爸爸姓”。并坦言徐帆不是虎妈。 查看更多>
  疑似明星之子因篮球保送北大遭质疑 ,https://www.baidu.com/s?wd=%E7%96%91%E4%BC%BC%E6%98%8E%E6%98%9F%E4%B9%8B%E5%AD%90%E5%9B%A0%E7%AF%AE%E7%90%83%E4%BF%9D%E9%80%81%E5%8C%97%E5%A4%A7%E9%81%AD%E8%B4%A8%E7%96%91&sa=fyb_news&rsv_dl=fyb_news,"https://fyb-2.cdn.bcebos.com/hotboard_image/6c1e97f02d27bb4a8679a21d95742bab?x-bce-process=image/resize,m_fill,w_256,h_170", 2376025 , 热搜指数 , 近日，北京大学高水平运动员专项测试合格名单公布，一在榜男生的母亲疑为知名演员，网友质疑该男生多场比赛得分为0。 查看更多>
  男生工地收清华录取通知 现状曝光 ,https://www.baidu.com/s?wd=%E7%94%B7%E7%94%9F%E5%B7%A5%E5%9C%B0%E6%94%B6%E6%B8%85%E5%8D%8E%E5%BD%95%E5%8F%96%E9%80%9A%E7%9F%A5+%E7%8E%B0%E7%8A%B6%E6%9B%9D%E5%85%89&sa=fyb_news&rsv_dl=fyb_news,"https://fyb-2.cdn.bcebos.com/hotboard_image/e998fb629513c2ca281a3d5858dd2d50?x-bce-process=image/resize,m_fill,w_256,h_170", 2254053 , 热搜指数 , 2018年，工地搬砖收到清华录取通知书的单小龙，引发全网关注。6年后，24岁的单小龙本科毕业了，如今他的现状如何？ 查看更多>
  国羽小将猝死留下众多问题待解 ,https://www.baidu.com/s?wd=%E5%9B%BD%E7%BE%BD%E5%B0%8F%E5%B0%86%E7%8C%9D%E6%AD%BB%E7%95%99%E4%B8%8B%E4%BC%97%E5%A4%9A%E9%97%AE%E9%A2%98%E5%BE%85%E8%A7%A3&sa=fyb_news&rsv_dl=fyb_news,"https://fyb-1.cdn.bcebos.com/fyb/de6163834f53ca92c1273fff98ac9078.jpeg?x-bce-process=image/resize,m_fill,w_256,h_170", 2173414 , 热搜指数 ,查看更多>
  男子跟车式逃单56次被刑拘 ,https://www.baidu.com/s?wd=%E7%94%B7%E5%AD%90%E8%B7%9F%E8%BD%A6%E5%BC%8F%E9%80%83%E5%8D%9556%E6%AC%A1%E8%A2%AB%E5%88%91%E6%8B%98&sa=fyb_news&rsv_dl=fyb_news,"https://fyb-1.cdn.bcebos.com/fyb/de6163834f53ca92c1273fff98ac9078.jpeg?x-bce-process=image/resize,m_fill,w_256,h_170", 2008655 , 热搜指数 ,查看更多>
  浙江夫妇开网红餐馆年入35亿 ,https://www.baidu.com/s?wd=%E6%B5%99%E6%B1%9F%E5%A4%AB%E5%A6%87%E5%BC%80%E7%BD%91%E7%BA%A2%E9%A4%90%E9%A6%86%E5%B9%B4%E5%85%A535%E4%BA%BF&sa=fyb_news&rsv_dl=fyb_news,"https://fyb-1.cdn.bcebos.com/fyb/de6163834f53ca92c1273fff98ac9078.jpeg?x-bce-process=image/resize,m_fill,w_256,h_170", 1920460 , 热搜指数 ,查看更多>
  敦煌鸣沙山月牙泉景区恢复开放 ,https://www.baidu.com/s?wd=%E6%95%A6%E7%85%8C%E9%B8%A3%E6%B2%99%E5%B1%B1%E6%9C%88%E7%89%99%E6%B3%89%E6%99%AF%E5%8C%BA%E6%81%A2%E5%A4%8D%E5%BC%80%E6%94%BE&sa=fyb_news&rsv_dl=fyb_news,"https://fyb-1.cdn.bcebos.com/fyb/de6163834f53ca92c1273fff98ac9078.jpeg?x-bce-process=image/resize,m_fill,w_256,h_170", 1859506 , 热搜指数 ,查看更多>
  女子自驾被困贵州:没见过水涨这么快 ,https://www.baidu.com/s?wd=%E5%A5%B3%E5%AD%90%E8%87%AA%E9%A9%BE%E8%A2%AB%E5%9B%B0%E8%B4%B5%E5%B7%9E%3A%E6%B2%A1%E8%A7%81%E8%BF%87%E6%B0%B4%E6%B6%A8%E8%BF%99%E4%B9%88%E5%BF%AB&sa=fyb_news&rsv_dl=fyb_news,"https://fyb-2.cdn.bcebos.com/hotboard_image/97aba6742c3fb56b75007bd479f635a4?x-bce-process=image/resize,m_fill,w_256,h_170", 1707212 , 热搜指数 , 近日，一名广东女子带父母自驾贵州，突遭洪水被困镇远。30日，该女子已离开镇远古镇，聊起这次的遭遇她感叹：没见过水涨这么快。 查看更多>
  这届网民理财靠薅银行羊毛 ,https://www.baidu.com/s?wd=%E8%BF%99%E5%B1%8A%E7%BD%91%E6%B0%91%E7%90%86%E8%B4%A2%E9%9D%A0%E8%96%85%E9%93%B6%E8%A1%8C%E7%BE%8A%E6%AF%9B&sa=fyb_news&rsv_dl=fyb_news,"https://fyb-1.cdn.bcebos.com/fyb/de6163834f53ca92c1273fff98ac9078.jpeg?x-bce-process=image/resize,m_fill,w_256,h_170", 1657522 , 热搜指数 ,查看更多>
  孙海洋回应孙卓高考成绩  热 ,https://www.baidu.com/s?wd=%E5%AD%99%E6%B5%B7%E6%B4%8B%E5%9B%9E%E5%BA%94%E5%AD%99%E5%8D%93%E9%AB%98%E8%80%83%E6%88%90%E7%BB%A9&sa=fyb_news&rsv_dl=fyb_news,"https://fyb-2.cdn.bcebos.com/hotboard_image/1ac51533d75202a813fe909073d64552?x-bce-process=image/resize,m_fill,w_256,h_170", 1543968 , 热搜指数 , 近日，有不少网友关心孙卓的高考成绩。孙海洋回复称：等我这段时间忙完了，我来回应大家的好奇心，不要着急，谢谢每一个人的关心。 查看更多>
  杨迪的布袋去世了 ,https://www.baidu.com/s?wd=%E6%9D%A8%E8%BF%AA%E7%9A%84%E5%B8%83%E8%A2%8B%E5%8E%BB%E4%B8%96%E4%BA%86&sa=fyb_news&rsv_dl=fyb_news,"https://fyb-1.cdn.bcebos.com/fyb/de6163834f53ca92c1273fff98ac9078.jpeg?x-bce-process=image/resize,m_fill,w_256,h_170", 1477462 , 热搜指数 ,查看更多>
  中央将再赠送香港一对大熊猫 ,https://www.baidu.com/s?wd=%E4%B8%AD%E5%A4%AE%E5%B0%86%E5%86%8D%E8%B5%A0%E9%80%81%E9%A6%99%E6%B8%AF%E4%B8%80%E5%AF%B9%E5%A4%A7%E7%86%8A%E7%8C%AB&sa=fyb_news&rsv_dl=fyb_news,"https://fyb-1.cdn.bcebos.com/fyb/de6163834f53ca92c1273fff98ac9078.jpeg?x-bce-process=image/resize,m_fill,w_256,h_170", 1383488 , 热搜指数 ,查看更多>
  网约车司机强奸未成年乘客获刑3年 ,https://www.baidu.com/s?wd=%E7%BD%91%E7%BA%A6%E8%BD%A6%E5%8F%B8%E6%9C%BA%E5%BC%BA%E5%A5%B8%E6%9C%AA%E6%88%90%E5%B9%B4%E4%B9%98%E5%AE%A2%E8%8E%B7%E5%88%913%E5%B9%B4&sa=fyb_news&rsv_dl=fyb_news,"https://fyb-2.cdn.bcebos.com/hotboard_image/b5cc8e5e0833631d345b0b29d66f2f2a?x-bce-process=image/resize,m_fill,w_256,h_170", 1206816 , 热搜指数 , 近日，云南临沧云县人民法院对“网约车司机约未成年乘客吃饭将其强奸”一案进行了判决，被告人鲁某犯强奸罪，判处有期徒刑三年。 查看更多>
  特斯拉推出五年免息活动 ,https://www.baidu.com/s?wd=%E7%89%B9%E6%96%AF%E6%8B%89%E6%8E%A8%E5%87%BA%E4%BA%94%E5%B9%B4%E5%85%8D%E6%81%AF%E6%B4%BB%E5%8A%A8&sa=fyb_news&rsv_dl=fyb_news,"https://fyb-1.cdn.bcebos.com/fyb/de6163834f53ca92c1273fff98ac9078.jpeg?x-bce-process=image/resize,m_fill,w_256,h_170", 1120216 , 热搜指数 ,查看更多>
  张志杰姐姐质疑现场救援不及时 ,https://www.baidu.com/s?wd=%E5%BC%A0%E5%BF%97%E6%9D%B0%E5%A7%90%E5%A7%90%E8%B4%A8%E7%96%91%E7%8E%B0%E5%9C%BA%E6%95%91%E6%8F%B4%E4%B8%8D%E5%8F%8A%E6%97%B6&sa=fyb_news&rsv_dl=fyb_news,"https://fyb-1.cdn.bcebos.com/fyb/de6163834f53ca92c1273fff98ac9078.jpeg?x-bce-process=image/resize,m_fill,w_256,h_170", 1028423 , 热搜指数 ,查看更多>
  家长去武校看儿子发现其正被教练抽 ,https://www.baidu.com/s?wd=%E5%AE%B6%E9%95%BF%E5%8E%BB%E6%AD%A6%E6%A0%A1%E7%9C%8B%E5%84%BF%E5%AD%90%E5%8F%91%E7%8E%B0%E5%85%B6%E6%AD%A3%E8%A2%AB%E6%95%99%E7%BB%83%E6%8A%BD&sa=fyb_news&rsv_dl=fyb_news,"https://fyb-2.cdn.bcebos.com/hotboard_image/a09ac851dcdf0cadec4a5913291080f5?x-bce-process=image/resize,m_fill,w_256,h_170", 911896 , 热搜指数 , 6月30日，有家长控诉登封市嵩山少林塔沟武术学校教练殴打虐待学生致精神障碍。据悉，家长去武校看儿子发现其正被教练按地上抽。 查看更多>
  阿盟不再将黎真主党列为恐怖组织 ,https://www.baidu.com/s?wd=%E9%98%BF%E7%9B%9F%E4%B8%8D%E5%86%8D%E5%B0%86%E9%BB%8E%E7%9C%9F%E4%B8%BB%E5%85%9A%E5%88%97%E4%B8%BA%E6%81%90%E6%80%96%E7%BB%84%E7%BB%87&sa=fyb_news&rsv_dl=fyb_news,"https://fyb-1.cdn.bcebos.com/fyb/de6163834f53ca92c1273fff98ac9078.jpeg?x-bce-process=image/resize,m_fill,w_256,h_170", 851522 , 热搜指数 ,查看更多>
  深中通道通车后广东人民有多热情 ,https://www.baidu.com/s?wd=%E6%B7%B1%E4%B8%AD%E9%80%9A%E9%81%93%E9%80%9A%E8%BD%A6%E5%90%8E%E5%B9%BF%E4%B8%9C%E4%BA%BA%E6%B0%91%E6%9C%89%E5%A4%9A%E7%83%AD%E6%83%85&sa=fyb_news&rsv_dl=fyb_news,"https://fyb-1.cdn.bcebos.com/fyb/de6163834f53ca92c1273fff98ac9078.jpeg?x-bce-process=image/resize,m_fill,w_256,h_170", 731170 , 热搜指数 ,查看更多>
  东方甄选为什么总被自己人拆台 ,https://www.baidu.com/s?wd=%E4%B8%9C%E6%96%B9%E7%94%84%E9%80%89%E4%B8%BA%E4%BB%80%E4%B9%88%E6%80%BB%E8%A2%AB%E8%87%AA%E5%B7%B1%E4%BA%BA%E6%8B%86%E5%8F%B0&sa=fyb_news&rsv_dl=fyb_news,"https://fyb-1.cdn.bcebos.com/fyb/de6163834f53ca92c1273fff98ac9078.jpeg?x-bce-process=image/resize,m_fill,w_256,h_170", 698853 , 热搜指数 ,查看更多>
  镇远游客起床发现河水快涨到3楼 ,https://www.baidu.com/s?wd=%E9%95%87%E8%BF%9C%E6%B8%B8%E5%AE%A2%E8%B5%B7%E5%BA%8A%E5%8F%91%E7%8E%B0%E6%B2%B3%E6%B0%B4%E5%BF%AB%E6%B6%A8%E5%88%B03%E6%A5%BC&sa=fyb_news&rsv_dl=fyb_news,"https://fyb-1.cdn.bcebos.com/fyb/de6163834f53ca92c1273fff98ac9078.jpeg?x-bce-process=image/resize,m_fill,w_256,h_170", 508648 , 热搜指数 ,查看更多>
  女孩高考成绩发榜前一天爸爸去世 ,https://www.baidu.com/s?wd=%E5%A5%B3%E5%AD%A9%E9%AB%98%E8%80%83%E6%88%90%E7%BB%A9%E5%8F%91%E6%A6%9C%E5%89%8D%E4%B8%80%E5%A4%A9%E7%88%B8%E7%88%B8%E5%8E%BB%E4%B8%96&sa=fyb_news&rsv_dl=fyb_news,"https://fyb-1.cdn.bcebos.com/fyb/de6163834f53ca92c1273fff98ac9078.jpeg?x-bce-process=image/resize,m_fill,w_256,h_170", 405358 , 热搜指数 ,查看更多>
  陈志朋53岁再签新公司 ,https://www.baidu.com/s?wd=%E9%99%88%E5%BF%97%E6%9C%8B53%E5%B2%81%E5%86%8D%E7%AD%BE%E6%96%B0%E5%85%AC%E5%8F%B8&sa=fyb_news&rsv_dl=fyb_news,"https://fyb-1.cdn.bcebos.com/fyb/de6163834f53ca92c1273fff98ac9078.jpeg?x-bce-process=image/resize,m_fill,w_256,h_170", 388085 , 热搜指数 ,查看更多>
  山寨周杰伦全国巡演暂停 ,https://www.baidu.com/s?wd=%E5%B1%B1%E5%AF%A8%E5%91%A8%E6%9D%B0%E4%BC%A6%E5%85%A8%E5%9B%BD%E5%B7%A1%E6%BC%94%E6%9A%82%E5%81%9C&sa=fyb_news&rsv_dl=fyb_news,"https://fyb-2.cdn.bcebos.com/hotboard_image/3a662f5ed8c12fa70db43df14024a43c?x-bce-process=image/resize,m_fill,w_256,h_170", 213498 , 热搜指数 , 自6月起，山寨周杰伦“黑伦”飞遍国内多市，开起了“演唱会”。据悉，“黑伦”在厦门、杭州、武汉等地的巡演均被按下“暂停键”。 查看更多>
  广西获批31.2毫克月球土特产 ,https://www.baidu.com/s?wd=%E5%B9%BF%E8%A5%BF%E8%8E%B7%E6%89%B931.2%E6%AF%AB%E5%85%8B%E6%9C%88%E7%90%83%E5%9C%9F%E7%89%B9%E4%BA%A7&sa=fyb_news&rsv_dl=fyb_news,"https://fyb-1.cdn.bcebos.com/fyb/de6163834f53ca92c1273fff98ac9078.jpeg?x-bce-process=image/resize,m_fill,w_256,h_170", 123035 , 热搜指数 ,查看更多>
  日本拉面店禁止食客用耳机 ,https://www.baidu.com/s?wd=%E6%97%A5%E6%9C%AC%E6%8B%89%E9%9D%A2%E5%BA%97%E7%A6%81%E6%AD%A2%E9%A3%9F%E5%AE%A2%E7%94%A8%E8%80%B3%E6%9C%BA&sa=fyb_news&rsv_dl=fyb_news,"https://fyb-1.cdn.bcebos.com/fyb/de6163834f53ca92c1273fff98ac9078.jpeg?x-bce-process=image/resize,m_fill,w_256,h_170", 100000 , 热搜指数 ,查看更多>
